{"cameraMode":{"drawMode":0,"name":"Shaded","section":"Shading Mode"},"sceneLighting":false,"audioPlay":false,"sceneViewState":{"m_AlwaysRefresh":false,"showFog":true,"showSkybox":false,"showFlares":true,"showImageEffects":true,"showParticleSystems":true,"showVisualEffectGraphs":true,"m_FxEnabled":true},"in2DMode":false,"pivot":{"x":23.809711456298829,"y":0.21217785775661469,"z":-0.37031909823417666},"rotation":{"x":-0.14827635884284974,"y":-0.7698901295661926,"z":0.1935669630765915,"w":-0.5897943377494812},"size":57.208702087402347,"orthographic":false}