{"cameraMode":{"drawMode":0,"name":"Shaded","section":"Shading Mode"},"sceneLighting":true,"audioPlay":false,"sceneViewState":{"m_AlwaysRefresh":false,"showFog":true,"showSkybox":true,"showFlares":true,"showImageEffects":true,"showParticleSystems":true,"showVisualEffectGraphs":true,"m_FxEnabled":true},"in2DMode":false,"pivot":{"x":7.318757057189941,"y":0.8519382476806641,"z":1.6027889251708985},"rotation":{"x":0.22285504639148713,"y":0.17006540298461915,"z":-0.03951658681035042,"w":0.9590890407562256},"size":15.504352569580079,"orthographic":false}