{"cameraMode":{"drawMode":0,"name":"Shaded","section":"Shading Mode"},"sceneLighting":false,"audioPlay":false,"sceneViewState":{"m_AlwaysRefresh":false,"showFog":true,"showSkybox":false,"showFlares":true,"showImageEffects":true,"showParticleSystems":true,"showVisualEffectGraphs":true,"m_FxEnabled":true},"in2DMode":false,"pivot":{"x":400.000244140625,"y":20.057071685791017,"z":0.4633941650390625},"rotation":{"x":-0.30404630303382876,"y":-0.046261657029390338,"z":0.01479262113571167,"w":-0.9514351487159729},"size":164.90850830078126,"orthographic":false}